seed,mode,lr,lam_att,best_epoch,val_P,val_R,val_F1,val_attn_iou
10,none,0.0002,-,130,0.8596491228070176,0.8166666666666667,0.8376068376068376,nan
10,none,0.0005,-,140,0.8833333333333333,0.8833333333333333,0.8833333333333333,nan
10,none,0.001,-,80,0.864406779661017,0.85,0.8571428571428572,nan
10,abs,0.0002,0.1,150,0.8064516129032258,0.8333333333333334,0.819672131147541,0.3801215447951382
10,abs,0.0002,0.3,50,0.8867924528301887,0.7833333333333333,0.8318584070796461,0.3469615313138822
10,abs,0.0002,0.5,125,0.8166666666666667,0.8166666666666667,0.8166666666666667,0.38408807644370585
10,abs,0.0002,0.7,150,0.864406779661017,0.85,0.8571428571428572,0.36020096111839234
10,abs,0.0002,1.0,115,0.7605633802816901,0.9,0.8244274809160305,0.3816038728688697
10,abs,0.0002,3,125,0.7391304347826086,0.85,0.7906976744186046,0.4388781431334623
10,abs,0.0002,5,65,0.828125,0.8833333333333333,0.8548387096774193,0.380479735318445
10,abs,0.0002,7,130,0.8125,0.8666666666666667,0.8387096774193549,0.44440007985625873
10,abs,0.0002,10,75,0.9074074074074074,0.8166666666666667,0.8596491228070176,0.39276595744680853
10,abs,0.0005,0.1,140,0.864406779661017,0.85,0.8571428571428572,0.4093350620485275
10,abs,0.0005,0.3,85,0.8028169014084507,0.95,0.8702290076335878,0.39848895776830684
10,abs,0.0005,0.5,100,0.8947368421052632,0.85,0.8717948717948718,0.3653597587246876
10,abs,0.0005,0.7,50,0.9107142857142857,0.85,0.8793103448275861,0.38727363349393584
10,abs,0.0005,1.0,75,0.873015873015873,0.9166666666666666,0.894308943089431,0.39186728707262797
10,abs,0.0005,3,125,0.8888888888888888,0.9333333333333333,0.9105691056910569,0.43998309382924766
10,abs,0.0005,5,75,0.85,0.85,0.85,0.446656050955414
10,abs,0.0005,7,120,0.7808219178082192,0.95,0.8571428571428571,0.45936325884912005
10,abs,0.0005,10,150,0.8615384615384616,0.9333333333333333,0.8960000000000001,0.44761709120788823
10,abs,0.001,0.1,90,0.8571428571428571,0.9,0.8780487804878048,0.3873539773780827
10,abs,0.001,0.3,140,0.7887323943661971,0.9333333333333333,0.8549618320610686,0.43379076813402245
10,abs,0.001,0.5,150,0.8235294117647058,0.9333333333333333,0.8749999999999999,0.4054736842105263
10,abs,0.001,0.7,105,0.7887323943661971,0.9333333333333333,0.8549618320610686,0.4016779210149376
10,abs,0.001,1.0,50,0.803030303030303,0.8833333333333333,0.8412698412698413,0.40507631624078205
10,abs,0.001,3,140,0.84375,0.9,0.870967741935484,0.4443305310641788
10,abs,0.001,5,130,0.859375,0.9166666666666666,0.8870967741935484,0.4581549240949786
10,abs,0.001,7,50,0.8253968253968254,0.8666666666666667,0.8455284552845528,0.436356158749743
10,abs,0.001,10,110,0.8208955223880597,0.9166666666666666,0.8661417322834646,0.47248322147651006
11,none,0.0002,-,150,0.8,0.7659574468085106,0.7826086956521738,nan
11,none,0.0005,-,70,0.8043478260869565,0.7872340425531915,0.795698924731183,nan
11,none,0.001,-,80,0.84,0.8936170212765957,0.8659793814432989,nan
11,abs,0.0002,0.1,100,0.782608695652174,0.7659574468085106,0.7741935483870968,0.3594563986409966
11,abs,0.0002,0.3,150,0.7272727272727273,0.851063829787234,0.7843137254901961,0.34148224395265053
11,abs,0.0002,0.5,120,0.7307692307692307,0.8085106382978723,0.7676767676767676,0.3805821371610845
11,abs,0.0002,0.7,100,0.825,0.7021276595744681,0.7586206896551724,0.2718343509423945
11,abs,0.0002,1.0,140,0.8372093023255814,0.7659574468085106,0.8,0.3735785143963223
11,abs,0.0002,3,115,0.7959183673469388,0.8297872340425532,0.8125,0.3553378029912326
11,abs,0.0002,5,115,0.8085106382978723,0.8085106382978723,0.8085106382978723,0.3831982313927782
11,abs,0.0002,7,140,0.8541666666666666,0.8723404255319149,0.8631578947368421,0.38088306647258613
11,abs,0.0002,10,90,0.8095238095238095,0.723404255319149,0.7640449438202246,0.4059694248968697
11,abs,0.0005,0.1,95,0.8541666666666666,0.8723404255319149,0.8631578947368421,0.37384473197781887
11,abs,0.0005,0.3,115,0.8809523809523809,0.7872340425531915,0.8314606741573034,0.3730856138589003
11,abs,0.0005,0.5,120,0.9024390243902439,0.7872340425531915,0.8409090909090909,0.3583397782933746
11,abs,0.0005,0.7,140,0.9047619047619048,0.8085106382978723,0.853932584269663,0.3745280644349358
11,abs,0.0005,1.0,120,0.7692307692307693,0.851063829787234,0.8080808080808081,0.4027997290584782
11,abs,0.0005,3,135,0.8269230769230769,0.9148936170212766,0.8686868686868686,0.4128081087307072
11,abs,0.0005,5,120,0.8604651162790697,0.7872340425531915,0.8222222222222222,0.35819381024860475
11,abs,0.0005,7,125,0.8235294117647058,0.8936170212765957,0.8571428571428571,0.4200426439232409
11,abs,0.0005,10,110,0.9069767441860465,0.8297872340425532,0.8666666666666666,0.40547811200782585
11,abs,0.001,0.1,120,0.8260869565217391,0.8085106382978723,0.8172043010752688,0.40183446167285436
11,abs,0.001,0.3,125,0.8260869565217391,0.8085106382978723,0.8172043010752688,0.3845415266442631
11,abs,0.001,0.5,115,0.7959183673469388,0.8297872340425532,0.8125,0.43278615794143743
11,abs,0.001,0.7,150,0.8666666666666667,0.8297872340425532,0.8478260869565217,0.4025670945157526
11,abs,0.001,1.0,95,0.9090909090909091,0.851063829787234,0.8791208791208791,0.37395259755805604
11,abs,0.001,3,115,0.8541666666666666,0.8723404255319149,0.8631578947368421,0.4045368620037807
11,abs,0.001,5,140,0.8163265306122449,0.851063829787234,0.8333333333333334,0.4108383510884669
11,abs,0.001,7,135,0.8125,0.8297872340425532,0.8210526315789474,0.3984225621414914
11,abs,0.001,10,60,0.7818181818181819,0.9148936170212766,0.8431372549019609,0.36294747844264436
12,none,0.0002,-,80,0.7818181818181819,0.7818181818181819,0.7818181818181819,nan
12,none,0.0005,-,85,0.7894736842105263,0.8181818181818182,0.8035714285714286,nan
12,none,0.001,-,40,0.7894736842105263,0.8181818181818182,0.8035714285714286,nan
12,abs,0.0002,0.1,125,0.7166666666666667,0.7818181818181819,0.7478260869565218,0.32260551165927925
12,abs,0.0002,0.3,140,0.7096774193548387,0.8,0.7521367521367521,0.3616404308202154
12,abs,0.0002,0.5,140,0.6756756756756757,0.9090909090909091,0.7751937984496124,0.3932085664672969
12,abs,0.0002,0.7,145,0.7288135593220338,0.7818181818181819,0.7543859649122807,0.3932642487046632
12,abs,0.0002,1.0,120,0.7096774193548387,0.8,0.7521367521367521,0.3690499132780883
12,abs,0.0002,3,95,0.618421052631579,0.8545454545454545,0.7175572519083969,0.3880354238207121
12,abs,0.0002,5,140,0.7076923076923077,0.8363636363636363,0.7666666666666666,0.3793340987370838
12,abs,0.0002,7,120,0.6666666666666666,0.8363636363636363,0.7419354838709676,0.38540753724802806
12,abs,0.0002,10,120,0.6567164179104478,0.8,0.7213114754098361,0.37941764836630365
12,abs,0.0005,0.1,135,0.8301886792452831,0.8,0.8148148148148149,0.34962735642262166
12,abs,0.0005,0.3,100,0.7758620689655172,0.8181818181818182,0.7964601769911505,0.3618421052631579
12,abs,0.0005,0.5,150,0.7301587301587301,0.8363636363636363,0.7796610169491525,0.3502157619804679
12,abs,0.0005,0.7,150,0.7931034482758621,0.8363636363636363,0.8141592920353982,0.39506716582250606
12,abs,0.0005,1.0,120,0.8333333333333334,0.8181818181818182,0.8256880733944955,0.3699908925318761
12,abs,0.0005,3,95,0.7419354838709677,0.8363636363636363,0.7863247863247863,0.4179135494596841
12,abs,0.0005,5,100,0.8070175438596491,0.8363636363636363,0.8214285714285714,0.41047659939888365
12,abs,0.0005,7,95,0.7288135593220338,0.7818181818181819,0.7543859649122807,0.39406028368794327
12,abs,0.0005,10,140,0.7014925373134329,0.8545454545454545,0.7704918032786885,0.42027710578403343
12,abs,0.001,0.1,135,0.7540983606557377,0.8363636363636363,0.793103448275862,0.35895871466341267
12,abs,0.001,0.3,120,0.7619047619047619,0.8727272727272727,0.8135593220338982,0.36250259821242986
12,abs,0.001,0.5,130,0.7619047619047619,0.8727272727272727,0.8135593220338982,0.38789594761989027
12,abs,0.001,0.7,130,0.7966101694915254,0.8545454545454545,0.8245614035087718,0.3907570918654894
12,abs,0.001,1.0,55,0.7580645161290323,0.8545454545454545,0.8034188034188033,0.2998655311519498
12,abs,0.001,3,135,0.7704918032786885,0.8545454545454545,0.810344827586207,0.4191368788142982
12,abs,0.001,5,75,0.734375,0.8545454545454545,0.7899159663865547,0.4175069727526282
12,abs,0.001,7,75,0.7538461538461538,0.8909090909090909,0.8166666666666667,0.41085868309587986
12,abs,0.001,10,125,0.7384615384615385,0.8727272727272727,0.8,0.4246603540551667
13,none,0.0002,-,140,0.7538461538461538,0.8448275862068966,0.7967479674796748,nan
13,none,0.0005,-,140,0.8392857142857143,0.8103448275862069,0.8245614035087718,nan
13,none,0.001,-,120,0.9038461538461539,0.8103448275862069,0.8545454545454546,nan
13,abs,0.0002,0.1,120,0.8135593220338984,0.8275862068965517,0.8205128205128206,0.3276157804459691
13,abs,0.0002,0.3,130,0.8363636363636363,0.7931034482758621,0.8141592920353982,0.3447013487475915
13,abs,0.0002,0.5,140,0.8070175438596491,0.7931034482758621,0.8,0.3437751004016064
13,abs,0.0002,0.7,130,0.8245614035087719,0.8103448275862069,0.8173913043478261,0.3050969131371141
13,abs,0.0002,1.0,130,0.9130434782608695,0.7241379310344828,0.8076923076923076,0.3426812585499316
13,abs,0.0002,3,115,0.8392857142857143,0.8103448275862069,0.8245614035087718,0.34220354808590103
13,abs,0.0002,5,130,0.8461538461538461,0.7586206896551724,0.8,0.33572110792741167
13,abs,0.0002,7,55,0.8135593220338984,0.8275862068965517,0.8205128205128206,0.2975147928994083
13,abs,0.0002,10,120,0.8392857142857143,0.8103448275862069,0.8245614035087718,0.35189759712553337
13,abs,0.0005,0.1,115,0.8909090909090909,0.8448275862068966,0.8672566371681416,0.30951821386603995
13,abs,0.0005,0.3,135,0.9019607843137255,0.7931034482758621,0.8440366972477066,0.3063651200746095
13,abs,0.0005,0.5,135,0.8771929824561403,0.8620689655172413,0.8695652173913043,0.3517671517671518
13,abs,0.0005,0.7,95,0.9183673469387755,0.7758620689655172,0.8411214953271028,0.35225778167470406
13,abs,0.0005,1.0,115,0.8888888888888888,0.8275862068965517,0.8571428571428572,0.3509411050394657
13,abs,0.0005,3,125,0.7727272727272727,0.8793103448275862,0.8225806451612904,0.35612480739599384
13,abs,0.0005,5,150,0.8,0.896551724137931,0.8455284552845529,0.3682941531042797
13,abs,0.0005,7,145,0.78125,0.8620689655172413,0.8196721311475409,0.331397945511389
13,abs,0.0005,10,105,0.8166666666666667,0.8448275862068966,0.8305084745762712,0.33071774751903993
13,abs,0.001,0.1,135,0.9791666666666666,0.8103448275862069,0.8867924528301887,0.37286038358424417
13,abs,0.001,0.3,125,0.864406779661017,0.8793103448275862,0.8717948717948718,0.3582980361956103
13,abs,0.001,0.5,145,0.8833333333333333,0.9137931034482759,0.8983050847457628,0.3546084400587865
13,abs,0.001,0.7,140,0.9591836734693877,0.8103448275862069,0.8785046728971961,0.3829871414441147
13,abs,0.001,1.0,110,0.9056603773584906,0.8275862068965517,0.8648648648648648,0.3710653753026634
13,abs,0.001,3,135,0.8596491228070176,0.8448275862068966,0.8521739130434783,0.33857048019473335
13,abs,0.001,5,115,0.9411764705882353,0.8275862068965517,0.8807339449541284,0.3697123519458545
13,abs,0.001,7,100,0.7936507936507936,0.8620689655172413,0.8264462809917354,0.36874732791791365
13,abs,0.001,10,120,0.9038461538461539,0.8103448275862069,0.8545454545454546,0.35052248977737394
14,none,0.0002,-,115,0.7719298245614035,0.8148148148148148,0.7927927927927928,nan
14,none,0.0005,-,85,0.8103448275862069,0.8703703703703703,0.8392857142857144,nan
14,none,0.001,-,140,0.8867924528301887,0.8703703703703703,0.8785046728971964,nan
14,abs,0.0002,0.1,105,0.8245614035087719,0.8703703703703703,0.8468468468468469,0.3468219125787364
14,abs,0.0002,0.3,120,0.7704918032786885,0.8703703703703703,0.817391304347826,0.3667590027700831
14,abs,0.0002,0.5,150,0.8392857142857143,0.8703703703703703,0.8545454545454546,0.3907884151246983
14,abs,0.0002,0.7,125,0.8035714285714286,0.8333333333333334,0.8181818181818182,0.3620727673649394
14,abs,0.0002,1.0,125,0.8181818181818182,0.8333333333333334,0.8256880733944955,0.30638195777351246
14,abs,0.0002,3,50,0.75,0.8333333333333334,0.7894736842105262,0.3677309007981756
14,abs,0.0002,5,50,0.8518518518518519,0.8518518518518519,0.8518518518518519,0.3505400254129606
14,abs,0.0002,7,100,0.8545454545454545,0.8703703703703703,0.8623853211009175,0.39925078864353314
14,abs,0.0002,10,130,0.8214285714285714,0.8518518518518519,0.8363636363636364,0.38777292576419214
14,abs,0.0005,0.1,95,0.8448275862068966,0.9074074074074074,0.875,0.36284173330853636
14,abs,0.0005,0.3,140,0.8846153846153846,0.8518518518518519,0.8679245283018868,0.3879770992366412
14,abs,0.0005,0.5,150,0.8392857142857143,0.8703703703703703,0.8545454545454546,0.40417419225366247
14,abs,0.0005,0.7,145,0.8775510204081632,0.7962962962962963,0.8349514563106796,0.3622895622895623
14,abs,0.0005,1.0,140,0.8305084745762712,0.9074074074074074,0.8672566371681415,0.40360435875943
14,abs,0.0005,3,150,0.8135593220338984,0.8888888888888888,0.8495575221238938,0.42778793418647165
14,abs,0.0005,5,100,0.7692307692307693,0.9259259259259259,0.8403361344537816,0.4299168975069252
14,abs,0.0005,7,40,0.7741935483870968,0.8888888888888888,0.8275862068965517,0.38523908523908523
14,abs,0.0005,10,115,0.8103448275862069,0.8703703703703703,0.8392857142857144,0.4197866149369544
14,abs,0.001,0.1,120,0.7966101694915254,0.8703703703703703,0.8318584070796461,0.38556094182825484
14,abs,0.001,0.3,120,0.8846153846153846,0.8518518518518519,0.8679245283018868,0.4146712276700874
14,abs,0.001,0.5,105,0.8596491228070176,0.9074074074074074,0.8828828828828829,0.4060049722700325
14,abs,0.001,0.7,90,0.9056603773584906,0.8888888888888888,0.897196261682243,0.3965014577259475
14,abs,0.001,1.0,120,0.8679245283018868,0.8518518518518519,0.8598130841121496,0.3935633151030711
14,abs,0.001,3,85,0.8135593220338984,0.8888888888888888,0.8495575221238938,0.4162990968283974
14,abs,0.001,5,65,0.8275862068965517,0.8888888888888888,0.8571428571428572,0.42771684945164506
14,abs,0.001,7,70,0.8727272727272727,0.8888888888888888,0.8807339449541284,0.42241222484991814
14,abs,0.001,10,85,0.819672131147541,0.9259259259259259,0.8695652173913043,0.43147620984139895
15,none,0.0002,-,150,0.6666666666666666,0.8846153846153846,0.7603305785123966,nan
15,none,0.0005,-,130,0.7627118644067796,0.8653846153846154,0.8108108108108109,nan
15,none,0.001,-,110,0.8653846153846154,0.8653846153846154,0.8653846153846154,nan
15,abs,0.0002,0.1,150,0.8214285714285714,0.8846153846153846,0.8518518518518519,0.3767767767767768
15,abs,0.0002,0.3,85,0.8627450980392157,0.8461538461538461,0.854368932038835,0.33723196881091616
15,abs,0.0002,0.5,95,0.8301886792452831,0.8461538461538461,0.8380952380952382,0.36721611721611724
15,abs,0.0002,0.7,45,0.8103448275862069,0.9038461538461539,0.8545454545454546,0.33492296404988997
15,abs,0.0002,1.0,45,0.8703703703703703,0.9038461538461539,0.8867924528301887,0.349857781389679
15,abs,0.0002,3,75,0.7931034482758621,0.8846153846153846,0.8363636363636363,0.38029072253099616
15,abs,0.0002,5,135,0.8035714285714286,0.8653846153846154,0.8333333333333334,0.4076618779929211
15,abs,0.0002,7,135,0.7704918032786885,0.9038461538461539,0.8318584070796459,0.41002277904328016
15,abs,0.0002,10,145,0.7377049180327869,0.8653846153846154,0.7964601769911505,0.37185152452496684
15,abs,0.0005,0.1,85,0.8,0.8461538461538461,0.8224299065420562,0.3557287278854254
15,abs,0.0005,0.3,120,0.8,0.9230769230769231,0.8571428571428571,0.3851264466352336
15,abs,0.0005,0.5,150,0.8103448275862069,0.9038461538461539,0.8545454545454546,0.3980046699214604
15,abs,0.0005,0.7,60,0.8421052631578947,0.9230769230769231,0.8807339449541285,0.30668257756563244
15,abs,0.0005,1.0,100,0.9038461538461539,0.9038461538461539,0.9038461538461539,0.3955885384456813
15,abs,0.0005,3,65,0.8363636363636363,0.8846153846153846,0.8598130841121494,0.37917654666954087
15,abs,0.0005,5,85,0.9,0.8653846153846154,0.8823529411764707,0.38308115543328747
15,abs,0.0005,7,85,0.8571428571428571,0.9230769230769231,0.888888888888889,0.40762399826727314
15,abs,0.0005,10,95,0.7741935483870968,0.9230769230769231,0.8421052631578947,0.40448756822316556
15,abs,0.001,0.1,130,0.8333333333333334,0.8653846153846154,0.8490566037735849,0.3868375325803649
15,abs,0.001,0.3,115,0.8703703703703703,0.9038461538461539,0.8867924528301887,0.41096446700507616
15,abs,0.001,0.5,95,0.8214285714285714,0.8846153846153846,0.8518518518518519,0.4122824173674946
15,abs,0.001,0.7,60,0.8867924528301887,0.9038461538461539,0.8952380952380953,0.31824747231584016
15,abs,0.001,1.0,85,0.8727272727272727,0.9230769230769231,0.897196261682243,0.3682083520431073
15,abs,0.001,3,45,0.8545454545454545,0.9038461538461539,0.8785046728971962,0.3705116696588869
15,abs,0.001,5,50,0.8269230769230769,0.8269230769230769,0.8269230769230769,0.40569620253164557
15,abs,0.001,7,70,0.8103448275862069,0.9038461538461539,0.8545454545454546,0.37389380530973454
15,abs,0.001,10,45,0.765625,0.9423076923076923,0.8448275862068965,0.42439217236608023
16,none,0.0002,-,105,0.782608695652174,0.8181818181818182,0.8,nan
16,none,0.0005,-,95,0.8095238095238095,0.7727272727272727,0.7906976744186046,nan
16,none,0.001,-,130,0.8571428571428571,0.8181818181818182,0.8372093023255814,nan
16,abs,0.0002,0.1,150,0.7090909090909091,0.8863636363636364,0.7878787878787878,0.32549114722289596
16,abs,0.0002,0.3,120,0.7755102040816326,0.8636363636363636,0.8172043010752688,0.32525629077353213
16,abs,0.0002,0.5,120,0.8181818181818182,0.8181818181818182,0.8181818181818182,0.3078893442622951
16,abs,0.0002,0.7,120,0.7346938775510204,0.8181818181818182,0.7741935483870968,0.28498727735368956
16,abs,0.0002,1.0,105,0.7954545454545454,0.7954545454545454,0.7954545454545455,0.3173413293353323
16,abs,0.0002,3,105,0.8974358974358975,0.7954545454545454,0.8433734939759037,0.3411113783978831
16,abs,0.0002,5,120,0.7906976744186046,0.7727272727272727,0.7816091954022988,0.35308521057786485
16,abs,0.0002,7,90,0.8,0.8181818181818182,0.8089887640449439,0.27518710420264825
16,abs,0.0002,10,105,0.74,0.8409090909090909,0.7872340425531915,0.3556238790673841
16,abs,0.0005,0.1,55,0.75,0.8863636363636364,0.8125000000000001,0.3182903015838577
16,abs,0.0005,0.3,135,0.8260869565217391,0.8636363636363636,0.8444444444444444,0.34032753326509724
16,abs,0.0005,0.5,140,0.9473684210526315,0.8181818181818182,0.8780487804878049,0.3530007596859965
16,abs,0.0005,0.7,125,0.8,0.8181818181818182,0.8089887640449439,0.37260057849066525
16,abs,0.0005,1.0,140,0.8260869565217391,0.8636363636363636,0.8444444444444444,0.3872465184461275
16,abs,0.0005,3,75,0.7755102040816326,0.8636363636363636,0.8172043010752688,0.2973204104903079
16,abs,0.0005,5,60,0.8260869565217391,0.8636363636363636,0.8444444444444444,0.3192626235639861
16,abs,0.0005,7,75,0.8043478260869565,0.8409090909090909,0.8222222222222223,0.3558364712210866
16,abs,0.0005,10,140,0.8297872340425532,0.8863636363636364,0.8571428571428571,0.39293708032827657
16,abs,0.001,0.1,115,0.8222222222222222,0.8409090909090909,0.8314606741573033,0.32041969330104925
16,abs,0.001,0.3,55,0.8,0.8181818181818182,0.8089887640449439,0.3495648082804046
16,abs,0.001,0.5,130,0.782608695652174,0.8181818181818182,0.8,0.37421163279607567
16,abs,0.001,0.7,105,0.8571428571428571,0.8181818181818182,0.8372093023255814,0.3400547672392333
16,abs,0.001,1.0,60,0.8409090909090909,0.8409090909090909,0.8409090909090909,0.35776524859046643
16,abs,0.001,3,115,0.8604651162790697,0.8409090909090909,0.8505747126436781,0.35767429043813725
16,abs,0.001,5,40,0.7872340425531915,0.8409090909090909,0.8131868131868133,0.380506091846298
16,abs,0.001,7,100,0.7755102040816326,0.8636363636363636,0.8172043010752688,0.3316174478461122
16,abs,0.001,10,40,0.7755102040816326,0.8636363636363636,0.8172043010752688,0.39518579107268054
17,none,0.0002,-,100,0.734375,0.8703703703703703,0.7966101694915254,nan
17,none,0.0005,-,150,0.765625,0.9074074074074074,0.8305084745762712,nan
17,none,0.001,-,145,0.7966101694915254,0.8703703703703703,0.8318584070796461,nan
17,abs,0.0002,0.1,145,0.7868852459016393,0.8888888888888888,0.8347826086956522,0.36737989503431573
17,abs,0.0002,0.3,130,0.7580645161290323,0.8703703703703703,0.8103448275862069,0.4103550813363652
17,abs,0.0002,0.5,125,0.8518518518518519,0.8518518518518519,0.8518518518518519,0.3391949152542373
17,abs,0.0002,0.7,150,0.8333333333333334,0.8333333333333334,0.8333333333333334,0.29358407079646015
17,abs,0.0002,1.0,130,0.8431372549019608,0.7962962962962963,0.8190476190476189,0.3629425482298071
17,abs,0.0002,3,125,0.8333333333333334,0.8333333333333334,0.8333333333333334,0.3344451856793418
17,abs,0.0002,5,140,0.7719298245614035,0.8148148148148148,0.7927927927927928,0.3680101287191391
17,abs,0.0002,7,120,0.7758620689655172,0.8333333333333334,0.8035714285714286,0.3426251097453907
17,abs,0.0002,10,135,0.8070175438596491,0.8518518518518519,0.8288288288288288,0.3675972927241963
17,abs,0.0005,0.1,125,0.7692307692307693,0.9259259259259259,0.8403361344537816,0.38112596192790604
17,abs,0.0005,0.3,140,0.8333333333333334,0.8333333333333334,0.8333333333333334,0.4014288472678123
17,abs,0.0005,0.5,35,0.8035714285714286,0.8333333333333334,0.8181818181818182,0.36525644740654883
17,abs,0.0005,0.7,100,0.8727272727272727,0.8888888888888888,0.8807339449541284,0.42483660130718953
17,abs,0.0005,1.0,120,0.8703703703703703,0.8703703703703703,0.8703703703703703,0.2961680517082179
17,abs,0.0005,3,95,0.8,0.8888888888888888,0.8421052631578948,0.35080121264616715
17,abs,0.0005,5,120,0.9090909090909091,0.9259259259259259,0.9174311926605504,0.3755695378607073
17,abs,0.0005,7,150,0.875,0.9074074074074074,0.8909090909090909,0.40642237982663515
17,abs,0.0005,10,125,0.8545454545454545,0.8703703703703703,0.8623853211009175,0.37961595273264404
17,abs,0.001,0.1,150,0.8727272727272727,0.8888888888888888,0.8807339449541284,0.4127207376152524
17,abs,0.001,0.3,115,0.8620689655172413,0.9259259259259259,0.8928571428571429,0.41114616193480547
17,abs,0.001,0.5,120,0.847457627118644,0.9259259259259259,0.8849557522123893,0.3787528868360277
17,abs,0.001,0.7,110,0.8909090909090909,0.9074074074074074,0.8990825688073394,0.42408270829110073
17,abs,0.001,1.0,145,0.85,0.9444444444444444,0.8947368421052632,0.3902745755606791
17,abs,0.001,3,145,0.8275862068965517,0.8888888888888888,0.8571428571428572,0.406669377795852
17,abs,0.001,5,110,0.847457627118644,0.9259259259259259,0.8849557522123893,0.42012748696156077
17,abs,0.001,7,140,0.8867924528301887,0.8703703703703703,0.8785046728971964,0.4207543482509283
17,abs,0.001,10,130,0.9056603773584906,0.8888888888888888,0.897196261682243,0.41005291005291006
18,none,0.0002,-,150,0.7068965517241379,0.7068965517241379,0.7068965517241379,nan
18,none,0.0005,-,60,0.8360655737704918,0.8793103448275862,0.8571428571428572,nan
18,none,0.001,-,120,0.8208955223880597,0.9482758620689655,0.8799999999999999,nan
18,abs,0.0002,0.1,145,0.7936507936507936,0.8620689655172413,0.8264462809917354,0.38650088809946714
18,abs,0.0002,0.3,140,0.8245614035087719,0.8103448275862069,0.8173913043478261,0.38338001867413635
18,abs,0.0002,0.5,140,0.7352941176470589,0.8620689655172413,0.7936507936507937,0.39574235807860264
18,abs,0.0002,0.7,140,0.7868852459016393,0.8275862068965517,0.8067226890756303,0.3138092332723205
18,abs,0.0002,1.0,150,0.7936507936507936,0.8620689655172413,0.8264462809917354,0.3935391754417277
18,abs,0.0002,3,100,0.8253968253968254,0.896551724137931,0.8595041322314049,0.3855105105105105
18,abs,0.0002,5,65,0.7846153846153846,0.8793103448275862,0.8292682926829268,0.33168218743808203
18,abs,0.0002,7,140,0.9259259259259259,0.8620689655172413,0.8928571428571429,0.41002360631923007
18,abs,0.0002,10,150,0.8833333333333333,0.9137931034482759,0.8983050847457628,0.4243048403707518
18,abs,0.0005,0.1,130,0.8360655737704918,0.8793103448275862,0.8571428571428572,0.35091083413231067
18,abs,0.0005,0.3,130,0.8947368421052632,0.8793103448275862,0.8869565217391304,0.26326742976066597
18,abs,0.0005,0.5,120,0.8571428571428571,0.9310344827586207,0.8925619834710743,0.4116504854368932
18,abs,0.0005,0.7,130,0.803030303030303,0.9137931034482759,0.8548387096774194,0.34549829556847805
18,abs,0.0005,1.0,100,0.782608695652174,0.9310344827586207,0.8503937007874016,0.39864503476555535
18,abs,0.0005,3,130,0.8412698412698413,0.9137931034482759,0.8760330578512397,0.3974702951322346
18,abs,0.0005,5,135,0.8571428571428571,0.8275862068965517,0.8421052631578947,0.3879536101758324
18,abs,0.0005,7,75,0.8225806451612904,0.8793103448275862,0.8500000000000001,0.43283582089552236
18,abs,0.0005,10,115,0.8125,0.896551724137931,0.8524590163934426,0.4031936127744511
18,abs,0.001,0.1,150,0.7323943661971831,0.896551724137931,0.806201550387597,0.4099950682229163
18,abs,0.001,0.3,125,0.7878787878787878,0.896551724137931,0.8387096774193549,0.4217881798282539
18,abs,0.001,0.5,145,0.8181818181818182,0.9310344827586207,0.8709677419354839,0.3291065158017948
18,abs,0.001,0.7,70,0.782608695652174,0.9310344827586207,0.8503937007874016,0.3908470197453405
18,abs,0.001,1.0,125,0.7941176470588235,0.9310344827586207,0.8571428571428571,0.4427660288687479
18,abs,0.001,3,100,0.8360655737704918,0.8793103448275862,0.8571428571428572,0.38362150864525935
18,abs,0.001,5,85,0.8524590163934426,0.896551724137931,0.8739495798319327,0.4430449069003286
18,abs,0.001,7,100,0.8524590163934426,0.896551724137931,0.8739495798319327,0.4310312905017589
18,abs,0.001,10,35,0.7971014492753623,0.9482758620689655,0.8661417322834646,0.39480354879594426
19,none,0.0002,-,120,0.703125,0.8333333333333334,0.7627118644067796,nan
19,none,0.0005,-,70,0.8245614035087719,0.8703703703703703,0.8468468468468469,nan
19,none,0.001,-,130,0.8958333333333334,0.7962962962962963,0.8431372549019608,nan
19,abs,0.0002,0.1,100,0.8135593220338984,0.8888888888888888,0.8495575221238938,0.359540789702557
19,abs,0.0002,0.3,105,0.7833333333333333,0.8703703703703703,0.8245614035087719,0.38928430209569
19,abs,0.0002,0.5,150,0.8275862068965517,0.8888888888888888,0.8571428571428572,0.33574170241589524
19,abs,0.0002,0.7,65,0.8627450980392157,0.8148148148148148,0.838095238095238,0.36091954022988504
19,abs,0.0002,1.0,145,0.7704918032786885,0.8703703703703703,0.817391304347826,0.3959209419680404
19,abs,0.0002,3,140,0.8214285714285714,0.8518518518518519,0.8363636363636364,0.34294871794871795
19,abs,0.0002,5,110,0.78125,0.9259259259259259,0.847457627118644,0.39263271939328276
19,abs,0.0002,7,60,0.7777777777777778,0.9074074074074074,0.8376068376068377,0.36330076004343104
19,abs,0.0002,10,135,0.7619047619047619,0.8888888888888888,0.8205128205128205,0.4298703811182047
19,abs,0.0005,0.1,60,0.8032786885245902,0.9074074074074074,0.8521739130434782,0.37191358024691357
19,abs,0.0005,0.3,125,0.7966101694915254,0.8703703703703703,0.8318584070796461,0.397427652733119
19,abs,0.0005,0.5,70,0.796875,0.9444444444444444,0.8644067796610169,0.3830095080611823
19,abs,0.0005,0.7,105,0.8888888888888888,0.8888888888888888,0.8888888888888888,0.4162228594838181
19,abs,0.0005,1.0,90,0.864406779661017,0.9444444444444444,0.9026548672566371,0.40384940064156677
19,abs,0.0005,3,145,0.8,0.9629629629629629,0.8739495798319328,0.4149083021100375
19,abs,0.0005,5,50,0.8421052631578947,0.8888888888888888,0.8648648648648649,0.40399913996989895
19,abs,0.0005,7,125,0.8225806451612904,0.9444444444444444,0.8793103448275862,0.4096308867204073
19,abs,0.0005,10,95,0.7868852459016393,0.8888888888888888,0.8347826086956522,0.4192185850052798
19,abs,0.001,0.1,60,0.8,0.8888888888888888,0.8421052631578948,0.3728847302408919
19,abs,0.001,0.3,115,0.9,0.8333333333333334,0.8653846153846153,0.39511494252873564
19,abs,0.001,0.5,145,0.8703703703703703,0.8703703703703703,0.8703703703703703,0.41732587304649815
19,abs,0.001,0.7,95,0.8448275862068966,0.9074074074074074,0.875,0.37418921941400135
19,abs,0.001,1.0,110,0.7428571428571429,0.9629629629629629,0.8387096774193549,0.4178478738271112
19,abs,0.001,3,60,0.7704918032786885,0.8703703703703703,0.817391304347826,0.4042992972302604
19,abs,0.001,5,95,0.8448275862068966,0.9074074074074074,0.875,0.4528012279355334
19,abs,0.001,7,130,0.796875,0.9444444444444444,0.8644067796610169,0.4327331580012138
19,abs,0.001,10,145,0.78125,0.9259259259259259,0.847457627118644,0.44492610837438423
