seed,lr,lam_att,best_epoch,val_P,val_R,val_F1,val_attn_iou
10,0.0002,0.1,150,0.8536585365853658,0.8974358974358975,0.875,0.5172910662824207
10,0.0002,0.3,135,0.8461538461538461,0.8461538461538461,0.8461538461538461,0.6133530530319037
10,0.0002,0.5,150,0.8313253012048193,0.8846153846153846,0.8571428571428571,0.6298799673697705
10,0.0002,0.7,145,0.7362637362637363,0.8589743589743589,0.7928994082840237,0.6883365200764818
10,0.0002,1.0,135,0.7777777777777778,0.8974358974358975,0.8333333333333333,0.701202905129369
10,0.0002,3,145,0.717391304347826,0.8461538461538461,0.776470588235294,0.7629816664836975
10,0.0002,5,105,0.6804123711340206,0.8461538461538461,0.7542857142857144,0.7307953772943576
10,0.0002,7,115,0.6631578947368421,0.8076923076923077,0.7283236994219653,0.726988175284025
10,0.0002,10,120,0.7142857142857143,0.8333333333333334,0.7692307692307692,0.7757894736842105
10,0.0005,0.1,145,0.7956989247311828,0.9487179487179487,0.8654970760233918,0.43542955116036985
10,0.0005,0.3,145,0.7888888888888889,0.9102564102564102,0.8452380952380951,0.7516574896055737
10,0.0005,0.5,40,0.7717391304347826,0.9102564102564102,0.8352941176470589,0.4303469145142116
10,0.0005,0.7,150,0.7578947368421053,0.9230769230769231,0.8323699421965319,0.7871643745907008
10,0.0005,1.0,80,0.813953488372093,0.8974358974358975,0.8536585365853658,0.6748723186925434
10,0.0005,3,150,0.788235294117647,0.8589743589743589,0.8220858895705521,0.8158486102897694
10,0.0005,5,140,0.8390804597701149,0.9358974358974359,0.8848484848484849,0.8339048925468678
10,0.0005,7,145,0.8433734939759037,0.8974358974358975,0.8695652173913043,0.8599189318073438
10,0.0005,10,150,0.8928571428571429,0.9615384615384616,0.9259259259259259,0.8610650887573964
10,0.001,0.1,145,0.7978723404255319,0.9615384615384616,0.8720930232558141,0.6480804387568556
10,0.001,0.3,145,0.7128712871287128,0.9230769230769231,0.8044692737430168,0.6804665838034228
10,0.001,0.5,135,0.797752808988764,0.9102564102564102,0.8502994011976048,0.7863881401617251
10,0.001,0.7,145,0.75,0.9615384615384616,0.8426966292134831,0.7949047313209163
10,0.001,1.0,145,0.8021978021978022,0.9358974358974359,0.8639053254437871,0.8249302973977695
10,0.001,3,150,0.8117647058823529,0.8846153846153846,0.8466257668711656,0.8631431571578579
10,0.001,5,145,0.797752808988764,0.9102564102564102,0.8502994011976048,0.7584074636580603
10,0.001,7,120,0.8181818181818182,0.9230769230769231,0.8674698795180724,0.8926413082118735
10,0.001,10,95,0.7019230769230769,0.9358974358974359,0.8021978021978021,0.815090213231274
11,0.0002,0.1,95,0.7439024390243902,0.7721518987341772,0.7577639751552796,0.43817034700315455
11,0.0002,0.3,145,0.7530864197530864,0.7721518987341772,0.7625,0.5570706477018925
11,0.0002,0.5,125,0.7419354838709677,0.8734177215189873,0.8023255813953488,0.570969278399619
11,0.0002,0.7,145,0.7866666666666666,0.7468354430379747,0.7662337662337663,0.559907271839922
11,0.0002,1.0,130,0.75,0.759493670886076,0.7547169811320755,0.5896380583464471
11,0.0002,3,125,0.7692307692307693,0.759493670886076,0.764331210191083,0.7412132883967261
11,0.0002,5,125,0.6666666666666666,0.7848101265822784,0.7209302325581395,0.789611627352871
11,0.0002,7,115,0.7625,0.7721518987341772,0.7672955974842767,0.7271510283558477
11,0.0002,10,140,0.7471264367816092,0.8227848101265823,0.7831325301204819,0.7772251031855223
11,0.0005,0.1,120,0.7956989247311828,0.9367088607594937,0.8604651162790697,0.4329044117647059
11,0.0005,0.3,135,0.9078947368421053,0.8734177215189873,0.8903225806451613,0.5832928015564203
11,0.0005,0.5,150,0.8292682926829268,0.8607594936708861,0.8447204968944099,0.7974847202632817
11,0.0005,0.7,140,0.8734177215189873,0.8734177215189873,0.8734177215189873,0.8110396207246867
11,0.0005,1.0,125,0.8705882352941177,0.9367088607594937,0.9024390243902438,0.764677399830529
11,0.0005,3,115,0.8470588235294118,0.9113924050632911,0.8780487804878048,0.836370218414384
11,0.0005,5,105,0.8275862068965517,0.9113924050632911,0.8674698795180723,0.8447182239570628
11,0.0005,7,135,0.7976190476190477,0.8481012658227848,0.8220858895705523,0.8643228222786034
11,0.0005,10,140,0.7653061224489796,0.9493670886075949,0.8474576271186441,0.8439816448994
11,0.001,0.1,115,0.8518518518518519,0.8734177215189873,0.8624999999999999,0.5988365588992057
11,0.001,0.3,135,0.7551020408163265,0.9367088607594937,0.8361581920903955,0.6781929726715002
11,0.001,0.5,120,0.8241758241758241,0.9493670886075949,0.8823529411764706,0.691033975223844
11,0.001,0.7,135,0.8111111111111111,0.9240506329113924,0.8639053254437871,0.8096975403083442
11,0.001,1.0,125,0.8837209302325582,0.9620253164556962,0.9212121212121213,0.7992488490428883
11,0.001,3,45,0.797752808988764,0.8987341772151899,0.8452380952380952,0.5430166241960928
11,0.001,5,150,0.7789473684210526,0.9367088607594937,0.8505747126436782,0.8625394677492106
11,0.001,7,140,0.8172043010752689,0.9620253164556962,0.8837209302325582,0.9129051987767585
11,0.001,10,145,0.8085106382978723,0.9620253164556962,0.8786127167630058,0.8965433003542201
12,0.0002,0.1,135,0.7402597402597403,0.8382352941176471,0.7862068965517242,0.4690614617940199
12,0.0002,0.3,150,0.6585365853658537,0.7941176470588235,0.72,0.6149445016592288
12,0.0002,0.5,100,0.7125,0.8382352941176471,0.7702702702702703,0.5262021143571672
12,0.0002,0.7,125,0.675,0.7941176470588235,0.7297297297297296,0.6126093294460642
12,0.0002,1.0,145,0.7142857142857143,0.8088235294117647,0.7586206896551725,0.7015269025690741
12,0.0002,3,150,0.6867469879518072,0.8382352941176471,0.7549668874172185,0.7409458883681296
12,0.0002,5,150,0.675,0.7941176470588235,0.7297297297297296,0.7790467311502156
12,0.0002,7,145,0.6626506024096386,0.8088235294117647,0.7284768211920529,0.8077201447527141
12,0.0002,10,125,0.6395348837209303,0.8088235294117647,0.7142857142857143,0.775294695481336
12,0.0005,0.1,95,0.8333333333333334,0.8823529411764706,0.8571428571428571,0.4517936012065065
12,0.0005,0.3,135,0.7532467532467533,0.8529411764705882,0.7999999999999999,0.6081662772106752
12,0.0005,0.5,110,0.8181818181818182,0.7941176470588235,0.8059701492537314,0.6235493230174082
12,0.0005,0.7,85,0.7023809523809523,0.8676470588235294,0.7763157894736842,0.645881805490926
12,0.0005,1.0,105,0.782051282051282,0.8970588235294118,0.8356164383561644,0.6557774331136099
12,0.0005,3,120,0.7261904761904762,0.8970588235294118,0.8026315789473685,0.8014868161226624
12,0.0005,5,110,0.7307692307692307,0.8382352941176471,0.7808219178082191,0.8494583948793698
12,0.0005,7,125,0.7439024390243902,0.8970588235294118,0.8133333333333334,0.7905949884093167
12,0.0005,10,150,0.8,0.8823529411764706,0.8391608391608392,0.6449453036589966
12,0.001,0.1,135,0.6170212765957447,0.8529411764705882,0.7160493827160493,0.5163265306122449
12,0.001,0.3,125,0.821917808219178,0.8823529411764706,0.8510638297872339,0.6880309710721583
12,0.001,0.5,120,0.8428571428571429,0.8676470588235294,0.855072463768116,0.6537265148687321
12,0.001,0.7,125,0.7215189873417721,0.8382352941176471,0.7755102040816326,0.7395783988630981
12,0.001,1.0,130,0.7590361445783133,0.9264705882352942,0.8344370860927153,0.7976609657947686
12,0.001,3,95,0.8133333333333334,0.8970588235294118,0.8531468531468531,0.7499050272255287
12,0.001,5,135,0.8082191780821918,0.8676470588235294,0.8368794326241135,0.8259869681870449
12,0.001,7,80,0.7894736842105263,0.8823529411764706,0.8333333333333333,0.8470861900097943
12,0.001,10,135,0.8378378378378378,0.9117647058823529,0.8732394366197184,0.8828065739570164
13,0.0002,0.1,140,0.8076923076923077,0.9,0.8513513513513514,0.3959871088470735
13,0.0002,0.3,125,0.8148148148148148,0.9428571428571428,0.8741721854304636,0.41592827004219407
13,0.0002,0.5,130,0.8823529411764706,0.8571428571428571,0.8695652173913043,0.5669819957277998
13,0.0002,0.7,150,0.9180327868852459,0.8,0.8549618320610688,0.5872587673791243
13,0.0002,1.0,145,0.7682926829268293,0.9,0.8289473684210527,0.5697269948350374
13,0.0002,3,130,0.9090909090909091,0.8571428571428571,0.8823529411764706,0.6325257356764064
13,0.0002,5,110,0.775,0.8857142857142857,0.8266666666666667,0.641076180151769
13,0.0002,7,95,0.921875,0.8428571428571429,0.880597014925373,0.6333401346663946
13,0.0002,10,135,0.8051948051948052,0.8857142857142857,0.8435374149659864,0.6692101464219427
13,0.0005,0.1,150,0.7647058823529411,0.9285714285714286,0.8387096774193549,0.5635072908672295
13,0.0005,0.3,150,0.8493150684931506,0.8857142857142857,0.8671328671328671,0.598750895873861
13,0.0005,0.5,125,0.7701149425287356,0.9571428571428572,0.8535031847133758,0.5442075443566423
13,0.0005,0.7,105,0.7974683544303798,0.9,0.8456375838926175,0.5952822414503502
13,0.0005,1.0,145,0.8450704225352113,0.8571428571428571,0.851063829787234,0.6398697968041034
13,0.0005,3,150,0.7848101265822784,0.8857142857142857,0.8322147651006712,0.6881828204871204
13,0.0005,5,85,0.8266666666666667,0.8857142857142857,0.8551724137931035,0.6694275529461103
13,0.0005,7,150,0.7866666666666666,0.8428571428571429,0.8137931034482757,0.7144053601340034
13,0.0005,10,150,0.7303370786516854,0.9285714285714286,0.8176100628930818,0.7067881835323696
13,0.001,0.1,125,0.6818181818181818,0.8571428571428571,0.759493670886076,0.4237599510104103
13,0.001,0.3,95,0.7590361445783133,0.9,0.8235294117647058,0.5558593381729047
13,0.001,0.5,150,0.759493670886076,0.8571428571428571,0.8053691275167785,0.6105519652505562
13,0.001,0.7,150,0.7692307692307693,0.8571428571428571,0.8108108108108107,0.5488287517381538
13,0.001,1.0,70,0.7808219178082192,0.8142857142857143,0.7972027972027972,0.5433595557612216
13,0.001,3,120,0.8133333333333334,0.8714285714285714,0.8413793103448276,0.7050871219707591
13,0.001,5,120,0.7777777777777778,0.8,0.7887323943661971,0.7073044200041503
13,0.001,7,150,0.8133333333333334,0.8714285714285714,0.8413793103448276,0.7099427381572098
13,0.001,10,145,0.7362637362637363,0.9571428571428572,0.8322981366459627,0.6954390451832907
14,0.0002,0.1,125,0.6521739130434783,0.8571428571428571,0.7407407407407407,0.4550721971856893
14,0.0002,0.3,110,0.7945205479452054,0.8285714285714286,0.8111888111888111,0.5084293742261168
14,0.0002,0.5,140,0.7402597402597403,0.8142857142857143,0.7755102040816325,0.6319329369334243
14,0.0002,0.7,130,0.7307692307692307,0.8142857142857143,0.7702702702702704,0.6442959614817726
14,0.0002,1.0,120,0.7307692307692307,0.8142857142857143,0.7702702702702704,0.5562355774054379
14,0.0002,3,145,0.7910447761194029,0.7571428571428571,0.7737226277372262,0.7114005856811068
14,0.0002,5,135,0.6829268292682927,0.8,0.736842105263158,0.6520718513982445
14,0.0002,7,150,0.7037037037037037,0.8142857142857143,0.7549668874172185,0.6878113245908305
14,0.0002,10,130,0.6867469879518072,0.8142857142857143,0.7450980392156863,0.7326025744167337
14,0.0005,0.1,150,0.7294117647058823,0.8857142857142857,0.7999999999999998,0.6176772867420349
14,0.0005,0.3,130,0.7887323943661971,0.8,0.7943262411347518,0.6831811052680137
14,0.0005,0.5,150,0.7441860465116279,0.9142857142857143,0.8205128205128205,0.6264283621447407
14,0.0005,0.7,130,0.8656716417910447,0.8285714285714286,0.8467153284671534,0.7360071834780006
14,0.0005,1.0,145,0.7848101265822784,0.8857142857142857,0.8322147651006712,0.7184019617860428
14,0.0005,3,125,0.8970588235294118,0.8714285714285714,0.8840579710144928,0.8109403074465962
14,0.0005,5,150,0.8205128205128205,0.9142857142857143,0.8648648648648648,0.8145914983418752
14,0.0005,7,130,0.6530612244897959,0.9142857142857143,0.7619047619047618,0.8012465373961218
14,0.0005,10,140,0.7837837837837838,0.8285714285714286,0.8055555555555555,0.8087318087318087
14,0.001,0.1,120,0.7926829268292683,0.9285714285714286,0.855263157894737,0.5329927260131625
14,0.001,0.3,125,0.8181818181818182,0.9,0.8571428571428572,0.6738875878220141
14,0.001,0.5,130,0.7752808988764045,0.9857142857142858,0.8679245283018868,0.7402320185614849
14,0.001,0.7,150,0.8732394366197183,0.8857142857142857,0.8794326241134751,0.7324872097599371
14,0.001,1.0,125,0.8461538461538461,0.9428571428571428,0.8918918918918919,0.7733980390214915
14,0.001,3,85,0.7875,0.9,0.84,0.7582459124846422
14,0.001,5,125,0.7441860465116279,0.9142857142857143,0.8205128205128205,0.8223107569721115
14,0.001,7,130,0.7560975609756098,0.8857142857142857,0.8157894736842105,0.6697002141327623
14,0.001,10,150,0.775,0.8857142857142857,0.8266666666666667,0.8177311169437154
15,0.0002,0.1,150,0.7578947368421053,0.8674698795180723,0.8089887640449439,0.5456403269754768
15,0.0002,0.3,140,0.7835051546391752,0.9156626506024096,0.8444444444444443,0.627129895994689
15,0.0002,0.5,125,0.7777777777777778,0.8433734939759037,0.8092485549132947,0.6558377848032269
15,0.0002,0.7,145,0.74,0.891566265060241,0.8087431693989071,0.742816091954023
15,0.0002,1.0,90,0.7692307692307693,0.8433734939759037,0.8045977011494253,0.5303997312730937
15,0.0002,3,130,0.7752808988764045,0.8313253012048193,0.8023255813953489,0.7164990172274252
15,0.0002,5,135,0.75,0.9397590361445783,0.8342245989304812,0.8318077803203662
15,0.0002,7,110,0.7419354838709677,0.8313253012048193,0.7840909090909092,0.7856075410966777
15,0.0002,10,140,0.73,0.8795180722891566,0.7978142076502732,0.7785722265668641
15,0.0005,0.1,95,0.8421052631578947,0.963855421686747,0.898876404494382,0.5332180282836504
15,0.0005,0.3,150,0.8461538461538461,0.927710843373494,0.8850574712643677,0.7825906305183339
15,0.0005,0.5,145,0.8041237113402062,0.9397590361445783,0.8666666666666667,0.8405879027699266
15,0.0005,0.7,110,0.9166666666666666,0.927710843373494,0.9221556886227544,0.765162037037037
15,0.0005,1.0,125,0.8876404494382022,0.9518072289156626,0.9186046511627907,0.7682403433476395
15,0.0005,3,75,0.8617021276595744,0.9759036144578314,0.9152542372881356,0.7949076063601204
15,0.0005,5,115,0.7663551401869159,0.9879518072289156,0.8631578947368421,0.7578923200551028
15,0.0005,7,110,0.8681318681318682,0.9518072289156626,0.9080459770114944,0.8801146131805158
15,0.0005,10,135,0.8977272727272727,0.9518072289156626,0.9239766081871345,0.9131903985085061
15,0.001,0.1,50,0.8658536585365854,0.8554216867469879,0.8606060606060606,0.39893517653652155
15,0.001,0.3,65,0.7872340425531915,0.891566265060241,0.8361581920903955,0.5020857845758905
15,0.001,0.5,145,0.7857142857142857,0.927710843373494,0.850828729281768,0.8031879566083684
15,0.001,0.7,150,0.7572815533980582,0.9397590361445783,0.8387096774193548,0.7713754646840149
15,0.001,1.0,65,0.8275862068965517,0.8674698795180723,0.8470588235294118,0.5967540574282147
15,0.001,3,65,0.8111111111111111,0.8795180722891566,0.8439306358381503,0.6158636512618814
15,0.001,5,145,0.7669902912621359,0.9518072289156626,0.8494623655913979,0.8843219856541045
15,0.001,7,130,0.75,0.9036144578313253,0.8196721311475409,0.9057979400532346
15,0.001,10,125,0.8651685393258427,0.927710843373494,0.8953488372093023,0.8986025712688653
16,0.0002,0.1,140,0.7065217391304348,0.8227848101265823,0.7602339181286549,0.5327860646711382
16,0.0002,0.3,135,0.7073170731707317,0.7341772151898734,0.7204968944099378,0.629049945169973
16,0.0002,0.5,130,0.7126436781609196,0.7848101265822784,0.746987951807229,0.6594944641738041
16,0.0002,0.7,90,0.821917808219178,0.759493670886076,0.7894736842105263,0.5473525613430908
16,0.0002,1.0,140,0.7011494252873564,0.7721518987341772,0.7349397590361445,0.7379848229342327
16,0.0002,3,105,0.7111111111111111,0.810126582278481,0.757396449704142,0.7486080470637672
16,0.0002,5,135,0.7564102564102564,0.7468354430379747,0.751592356687898,0.7989647158250581
16,0.0002,7,140,0.7283950617283951,0.7468354430379747,0.7374999999999999,0.7286821705426356
16,0.0002,10,145,0.6813186813186813,0.7848101265822784,0.7294117647058823,0.7787137052819344
16,0.0005,0.1,110,0.71875,0.8734177215189873,0.7885714285714285,0.5049099836333879
16,0.0005,0.3,140,0.7391304347826086,0.8607594936708861,0.7953216374269007,0.6625874125874126
16,0.0005,0.5,140,0.7526881720430108,0.8860759493670886,0.8139534883720929,0.7488101533580116
16,0.0005,0.7,105,0.7362637362637363,0.8481012658227848,0.788235294117647,0.6879899655064283
16,0.0005,1.0,140,0.7419354838709677,0.8734177215189873,0.8023255813953488,0.7758496023138105
16,0.0005,3,150,0.7954545454545454,0.8860759493670886,0.8383233532934132,0.7782306929602292
16,0.0005,5,150,0.8117647058823529,0.8734177215189873,0.8414634146341463,0.8110410094637224
16,0.0005,7,95,0.7128712871287128,0.9113924050632911,0.8,0.8057062269472771
16,0.0005,10,150,0.7553191489361702,0.8987341772151899,0.8208092485549134,0.8417570498915401
16,0.001,0.1,150,0.6875,0.8354430379746836,0.7542857142857142,0.6467459324155194
16,0.001,0.3,145,0.7717391304347826,0.8987341772151899,0.8304093567251462,0.715412031536883
16,0.001,0.5,120,0.7272727272727273,0.810126582278481,0.7664670658682634,0.7092645998558039
16,0.001,0.7,120,0.7362637362637363,0.8481012658227848,0.788235294117647,0.7911707862882718
16,0.001,1.0,150,0.7526881720430108,0.8860759493670886,0.8139534883720929,0.7908101571946796
16,0.001,3,95,0.75,0.8734177215189873,0.8070175438596491,0.7729320004394156
16,0.001,5,100,0.7340425531914894,0.8734177215189873,0.7976878612716763,0.8196030031883164
16,0.001,7,105,0.7528089887640449,0.8481012658227848,0.7976190476190476,0.8376602391468275
16,0.001,10,100,0.7346938775510204,0.9113924050632911,0.8135593220338984,0.8257152252548504
17,0.0002,0.1,150,0.7578947368421053,0.9113924050632911,0.8275862068965517,0.46951092611862644
17,0.0002,0.3,145,0.7058823529411765,0.9113924050632911,0.7955801104972375,0.5733992959756445
17,0.0002,0.5,130,0.6451612903225806,0.759493670886076,0.6976744186046513,0.562208398133748
17,0.0002,0.7,100,0.6428571428571429,0.7974683544303798,0.711864406779661,0.5093498586649272
17,0.0002,1.0,145,0.6296296296296297,0.8607594936708861,0.7272727272727273,0.7003725936659077
17,0.0002,3,120,0.7916666666666666,0.7215189873417721,0.7549668874172185,0.6222782489112996
17,0.0002,5,135,0.7922077922077922,0.7721518987341772,0.7820512820512822,0.7520316027088036
17,0.0002,7,110,0.638095238095238,0.8481012658227848,0.7282608695652173,0.657789002410745
17,0.0002,10,145,0.6274509803921569,0.810126582278481,0.7071823204419889,0.7595354662416031
17,0.0005,0.1,140,0.7281553398058253,0.9493670886075949,0.8241758241758242,0.44508825102513816
17,0.0005,0.3,140,0.776595744680851,0.9240506329113924,0.8439306358381502,0.5863047921871452
17,0.0005,0.5,110,0.8117647058823529,0.8734177215189873,0.8414634146341463,0.6322002404634386
17,0.0005,0.7,135,0.8045977011494253,0.8860759493670886,0.8433734939759037,0.7353295819935691
17,0.0005,1.0,115,0.7954545454545454,0.8860759493670886,0.8383233532934132,0.7245058048321306
17,0.0005,3,135,0.7528089887640449,0.8481012658227848,0.7976190476190476,0.7984016208914904
17,0.0005,5,140,0.7555555555555555,0.8607594936708861,0.8047337278106509,0.8013737836290784
17,0.0005,7,115,0.7171717171717171,0.8987341772151899,0.7977528089887641,0.8045046044602241
17,0.0005,10,125,0.7582417582417582,0.8734177215189873,0.8117647058823529,0.7499447269511387
17,0.001,0.1,130,0.6607142857142857,0.9367088607594937,0.774869109947644,0.48804557940787463
17,0.001,0.3,140,0.6826923076923077,0.8987341772151899,0.7759562841530053,0.6325978801643954
17,0.001,0.5,130,0.7156862745098039,0.9240506329113924,0.8066298342541436,0.6925421662263768
17,0.001,0.7,80,0.6796116504854369,0.8860759493670886,0.7692307692307693,0.5159802030031038
17,0.001,1.0,145,0.75,0.9493670886075949,0.8379888268156425,0.780970272958338
17,0.001,3,145,0.8023255813953488,0.8734177215189873,0.8363636363636363,0.8262979683972912
17,0.001,5,120,0.7741935483870968,0.9113924050632911,0.8372093023255814,0.7887230514096186
17,0.001,7,125,0.8372093023255814,0.9113924050632911,0.8727272727272727,0.7853652993977958
17,0.001,10,145,0.6571428571428571,0.8734177215189873,0.7499999999999999,0.8640832851359167
18,0.0002,0.1,135,0.7032967032967034,0.9142857142857143,0.7950310559006212,0.4857703631010795
18,0.0002,0.3,150,0.7763157894736842,0.8428571428571429,0.8082191780821917,0.6419726499407774
18,0.0002,0.5,140,0.782051282051282,0.8714285714285714,0.8243243243243245,0.5062550212326409
18,0.0002,0.7,85,0.75,0.9,0.8181818181818182,0.5135961559462706
18,0.0002,1.0,150,0.7011494252873564,0.8714285714285714,0.7770700636942675,0.6682427107959023
18,0.0002,3,150,0.7532467532467533,0.8285714285714286,0.7891156462585034,0.7718387631143014
18,0.0002,5,120,0.6896551724137931,0.8571428571428571,0.7643312101910829,0.7528504723639917
18,0.0002,7,135,0.725,0.8285714285714286,0.7733333333333333,0.47047949162333913
18,0.0002,10,105,0.7073170731707317,0.8285714285714286,0.7631578947368421,0.6911485656881349
18,0.0005,0.1,130,0.7471264367816092,0.9285714285714286,0.8280254777070064,0.47669603991931203
18,0.0005,0.3,115,0.7294117647058823,0.8857142857142857,0.7999999999999998,0.6955038137294259
18,0.0005,0.5,150,0.8333333333333334,0.8571428571428571,0.8450704225352113,0.7136971046770602
18,0.0005,0.7,150,0.7241379310344828,0.9,0.8025477707006369,0.707477764357088
18,0.0005,1.0,145,0.7625,0.8714285714285714,0.8133333333333334,0.7773123514094872
18,0.0005,3,115,0.7948717948717948,0.8857142857142857,0.8378378378378378,0.744562122765061
18,0.0005,5,140,0.6966292134831461,0.8857142857142857,0.779874213836478,0.8355795148247979
18,0.0005,7,150,0.7325581395348837,0.9,0.8076923076923077,0.8468587832615656
18,0.0005,10,135,0.6853932584269663,0.8714285714285714,0.7672955974842768,0.5680964842416657
18,0.001,0.1,150,0.84,0.9,0.8689655172413793,0.6308477151850646
18,0.001,0.3,105,0.7901234567901234,0.9142857142857143,0.847682119205298,0.6416819012797075
18,0.001,0.5,130,0.63,0.9,0.7411764705882353,0.5192815636555732
18,0.001,0.7,130,0.7159090909090909,0.9,0.7974683544303798,0.758028545941124
18,0.001,1.0,115,0.7160493827160493,0.8285714285714286,0.7682119205298013,0.7747136661848104
18,0.001,3,140,0.8026315789473685,0.8714285714285714,0.8356164383561644,0.8350022758306782
18,0.001,5,145,0.8181818181818182,0.9,0.8571428571428572,0.8270386752863785
18,0.001,7,145,0.8493150684931506,0.8857142857142857,0.8671328671328671,0.8508060033351862
18,0.001,10,90,0.810126582278481,0.9142857142857143,0.8590604026845637,0.7826616587148513
19,0.0002,0.1,135,0.875,0.8860759493670886,0.8805031446540881,0.5700725255972696
19,0.0002,0.3,145,0.8390804597701149,0.9240506329113924,0.8795180722891567,0.7125595445567561
19,0.0002,0.5,100,0.8571428571428571,0.9113924050632911,0.8834355828220858,0.6762390980642417
19,0.0002,0.7,140,0.7575757575757576,0.9493670886075949,0.8426966292134831,0.8019329164297897
19,0.0002,1.0,100,0.8131868131868132,0.9367088607594937,0.8705882352941177,0.7451002734731085
19,0.0002,3,145,0.8235294117647058,0.8860759493670886,0.8536585365853657,0.8270613614573347
19,0.0002,5,135,0.7894736842105263,0.9493670886075949,0.8620689655172414,0.8795681063122923
19,0.0002,7,150,0.7731958762886598,0.9493670886075949,0.8522727272727272,0.9050895717166924
19,0.0002,10,150,0.7551020408163265,0.9367088607594937,0.8361581920903955,0.8652408876624124
19,0.0005,0.1,145,0.7628865979381443,0.9367088607594937,0.8409090909090907,0.6033930478111282
19,0.0005,0.3,135,0.7894736842105263,0.9493670886075949,0.8620689655172414,0.7684637681159421
19,0.0005,0.5,140,0.8409090909090909,0.9367088607594937,0.8862275449101796,0.7569835159411706
19,0.0005,0.7,105,0.8152173913043478,0.9493670886075949,0.8771929824561402,0.8093417751762035
19,0.0005,1.0,140,0.8426966292134831,0.9493670886075949,0.8928571428571428,0.8810201660735468
19,0.0005,3,140,0.8620689655172413,0.9493670886075949,0.9036144578313253,0.8499886441062912
19,0.0005,5,140,0.8152173913043478,0.9493670886075949,0.8771929824561402,0.8748481166464156
19,0.0005,7,150,0.7254901960784313,0.9367088607594937,0.8176795580110497,0.9033317120622568
19,0.0005,10,110,0.776595744680851,0.9240506329113924,0.8439306358381502,0.9398232231505025
19,0.001,0.1,130,0.7373737373737373,0.9240506329113924,0.8202247191011236,0.6218731820826061
19,0.001,0.3,140,0.7525773195876289,0.9240506329113924,0.8295454545454545,0.7509488725161867
19,0.001,0.5,140,0.7524752475247525,0.9620253164556962,0.8444444444444444,0.7751243781094528
19,0.001,0.7,150,0.891566265060241,0.9367088607594937,0.9135802469135801,0.8981610800744879
19,0.001,1.0,135,0.7731958762886598,0.9493670886075949,0.8522727272727272,0.894345059430904
19,0.001,3,90,0.75,0.9113924050632911,0.8228571428571428,0.8107451075726267
19,0.001,5,120,0.7352941176470589,0.9493670886075949,0.8287292817679558,0.8558568695847868
19,0.001,7,150,0.8314606741573034,0.9367088607594937,0.880952380952381,0.9202095261298575
19,0.001,10,125,0.8191489361702128,0.9746835443037974,0.8901734104046243,0.9303644701906831
